t,x,y,z,qw,qx,qy,qz,vx,vy,vz
0.0005,0.014531094,0.033146847,0.08,2.2414272e-15,-0.70710678,2.2414272e-15,0.70710678,0,0,0
0.0105,0.01452867,0.033194794,0.079509126,0.00024928387,-0.70651671,0.00025174654,0.70769627,-0.001029213,0.008598107,-0.094237946
0.0205,0.014525881,0.033313019,0.078057015,0.00084322951,-0.70517003,0.00085553022,0.70903723,-0.0013698681,0.014297208,-0.19177484
0.0305,0.014527134,0.033475907,0.075619461,0.0016340822,-0.70344703,0.0016670724,0.71074386,-0.0012375703,0.017739323,-0.29100611
0.0405,0.014537235,0.03363626,0.072205964,0.0024744302,-0.70178411,0.0025458568,0.71238084,-0.00057145419,0.014558012,-0.38711224
0.0505,0.014556268,0.033766598,0.067822583,0.0032639496,-0.70037905,0.003398073,0.71375555,5.0268806e-05,0.011749523,-0.48461201
0.0605,0.014580798,0.033869968,0.062458705,0.0039710304,-0.69918699,0.0041891425,0.71491554,0.00057615726,0.0091885346,-0.58294405
0.0705,0.014611945,0.033926787,0.056102511,0.004534638,-0.6984529,0.0048579318,0.71562517,0.0012120393,0.0029390504,-0.68266653
0.0805,0.014624497,0.033928141,0.04867135,0.0047717366,-0.69830304,0.0054983258,0.71576523,-0.01301078,-0.00034840772,-0.82345369
0.0905,0.014539565,0.033925271,0.04231286,0.005176492,-0.69901756,0.0057403124,0.71506273,-0.00220569,0.0017044051,-0.35100511
0.1005,0.01463732,0.033981598,0.040691161,0.0058211468,-0.70057508,0.0061895823,0.7135281,0.0075726907,0.0050290297,-0.036968431
0.1105,0.014792139,0.034019969,0.041037786,0.0063936307,-0.70226825,0.0066925421,0.71185225,0.010497491,0.0040980178,0.07881358
0.1205,0.014958782,0.034075336,0.042011013,0.0070152855,-0.70377111,0.0072992453,0.71035466,0.010145298,0.006660599,0.1052451
0.1305,0.01515331,0.034159808,0.042993285,0.0077941469,-0.70525136,0.0080957461,0.70886827,0.013945296,0.009854737,0.090012579
0.1405,0.015382385,0.034263011,0.043787838,0.0086997985,-0.70676742,0.0090420636,0.7073347,0.015674714,0.01076107,0.069979461
0.1505,0.015622935,0.034367784,0.044384358,0.0096316764,-0.70822635,0.010026643,0.70584852,0.016227248,0.010439374,0.05081172
0.1605,0.015896263,0.034476363,0.044769458,0.010622814,-0.70975046,0.011077389,0.70428597,0.020856077,0.011423246,0.028686874
0.1705,0.016208544,0.034587929,0.044963329,0.011665469,-0.71138809,0.012186743,0.70259688,0.022996692,0.011403881,0.011228777
0.1805,0.016532426,0.034698815,0.044999665,0.012644639,-0.71307884,0.013317966,0.70084329,0.023626467,0.011516226,-0.0019733511
0.1905,0.016857716,0.034663002,0.044844462,0.013245674,-0.71496642,0.014268621,0.69888767,0.025640432,-0.029238697,-0.025857997
0.2005,0.017138886,0.034105373,0.044455416,0.012772372,-0.71717351,0.014249331,0.69663188,0.025422972,-0.076017547,-0.047485919
0.2105,0.017374215,0.033165639,0.043883995,0.011605053,-0.71959806,0.013365907,0.69416519,0.024273557,-0.10836423,-0.064340382
0.2205,0.017582064,0.031921721,0.043204174,0.01016495,-0.72217683,0.011653968,0.6915356,0.026064719,-0.13729604,-0.070751781
0.2305,0.01778513,0.030467019,0.042498918,0.0084478641,-0.72476445,0.0094057125,0.68888072,0.027177089,-0.15236948,-0.073747316
0.2405,0.017984756,0.028916785,0.041793931,0.0065311573,-0.7272687,0.0068668112,0.68628742,0.028567128,-0.15762131,-0.070808321
0.2505,0.018220308,0.02757,0.041457863,0.0052708339,-0.72898726,0.0050340426,0.68448846,0.02997334,-0.11566004,-0.0046405643
0.2605,0.018506261,0.026562693,0.04160899,0.0051385524,-0.72977854,0.0040291763,0.68365243,0.029987811,-0.084562375,0.02193153
0.2705,0.018791473,0.0260539,0.041849432,0.0053726116,-0.73041053,0.0033711269,0.68297893,0.027064989,-0.025395015,0.020131451
0.2805,0.019072434,0.026061745,0.042041288,0.005454811,-0.73097619,0.0030996055,0.68237413,0.028224751,0.019944612,0.016863563
0.2905,0.019368413,0.026467943,0.042045585,0.0054002611,-0.73169243,0.0031293108,0.68160636,0.028478586,0.054736899,1.5245759e-05
0.3005,0.019610315,0.027126013,0.042053584,0.0052824121,-0.73212019,0.0032605898,0.68114718,0.018804616,0.077956153,-0.0067361848
0.3105,0.01976962,0.028000114,0.042049235,0.0052899348,-0.73219562,0.0034834198,0.68106495,0.012729391,0.098534259,-0.0050970277
0.3205,0.019884823,0.029044097,0.042052961,0.0054893153,-0.73200237,0.0037244167,0.68126979,0.0093746775,0.10849142,0.0063854339
0.3305,0.019988585,0.030209625,0.042026761,0.0057988424,-0.73171503,0.0040297093,0.6815741,0.0091587964,0.12166912,-0.0065120503
0.3405,0.020086913,0.03140943,0.042028166,0.0060983189,-0.73128131,0.0043562023,0.68203481,0.011203165,0.11979563,0.0033508999
0.3505,0.020235869,0.032624496,0.042011523,0.0063927265,-0.73089868,0.0047283863,0.68243967,0.012199096,0.11971873,-0.00091592552
0.3605,0.020332008,0.033786251,0.041995966,0.0067302598,-0.73042712,0.0050460606,0.68293884,0.0062338334,0.11283008,-0.0026524064
0.3705,0.020380183,0.03485113,0.041963169,0.0068687306,-0.72987098,0.0054661804,0.68352856,0.0028168834,0.099901155,-0.0069342563
0.3805,0.020408332,0.035803331,0.041913373,0.007004978,-0.7292492,0.0058218157,0.68418758,0.0022922507,0.09036081,-0.00056648481
0.3905,0.020434061,0.036667381,0.04188455,0.0072624184,-0.72864418,0.0060135479,0.68482754,0.0031164117,0.08184083,-0.0015929912
0.4005,0.020469805,0.037442985,0.041829311,0.0071679041,-0.72809655,0.0063933607,0.6854073,0.0030350568,0.073752558,-0.0064056633
0.4105,0.02046569,0.038041445,0.041810606,0.0070796258,-0.72735872,0.0066028227,0.68618917,0.0003615529,0.055777576,-0.00058492379
0.4205,0.020464658,0.038569867,0.041802396,0.0072649207,-0.72662787,0.0064992687,0.6869621,0.00072360835,0.049725175,-0.0037655881
0.4305,0.02045319,0.039051002,0.041751293,0.0071222878,-0.72573047,0.0066421602,0.6879102,0.000348648,0.046291781,-0.0015117683
0.4405,0.020437167,0.039497334,0.041682946,0.0069665988,-0.72459319,0.0067698588,0.68910837,0.00057872874,0.042596138,-0.0054246817
0.4505,0.020419077,0.039894541,0.041622955,0.006821129,-0.72331839,0.0068751116,0.69044675,0.00060404632,0.037258322,-0.0038411859
0.4605,0.020404325,0.04022522,0.041539983,0.0066228099,-0.72163366,0.0070275831,0.69220779,0.003332299,0.029723985,-0.0042947365
0.4705,0.020415194,0.040391922,0.04154599,0.0064785348,-0.71952278,0.0070037917,0.69440331,0.0057161625,0.0059219019,0.010851403
0.4805,0.020421693,0.04036634,0.041706312,0.0059317249,-0.71772586,0.0068574947,0.69626675,0.0060158638,-0.0092112647,0.01868263
0.4905,0.020411334,0.040211749,0.041913472,0.0052894863,-0.71597982,0.0063337579,0.6980722,0.005264058,-0.020601281,0.023272964
0.5005,0.020382424,0.039958452,0.042167417,0.0043615089,-0.71405633,0.0057154229,0.70005133,0.0043454946,-0.030188648,0.022684912
0.5105,0.020342391,0.039632509,0.042424567,0.0032977549,-0.71212001,0.0050625066,0.70203175,0.004417384,-0.034578355,0.025076443
0.5205,0.020292883,0.039218378,0.042489945,0.0024315566,-0.71022576,0.0040023306,0.7039584,0.0039856509,-0.042074039,0.014761395
0.5305,0.020242463,0.038798614,0.042690714,0.0011094038,-0.70809936,0.0032340454,0.70610453,0.0049522593,-0.044062807,0.010650887
0.5405,0.02019501,0.038370945,0.04284084,-0.00014321494,-0.70601246,0.0023423855,0.70819552,0.0051669886,-0.042514507,0.012584196
0.5505,0.020139686,0.037996988,0.043050514,-0.0012017419,-0.70373425,0.0011784301,0.71046131,0.0046703467,-0.032374559,0.025288144
0.5605,0.020083179,0.037703495,0.043356881,-0.0018717973,-0.70113359,-0.00044188267,0.71302734,0.0060826768,-0.030404902,0.022972389
0.5705,0.020040572,0.03741456,0.043677736,-0.0022076566,-0.69843961,-0.0023705449,0.71566166,0.0069185233,-0.027744838,0.033455177
0.5805,0.020007376,0.037149306,0.044193098,-0.0030676568,-0.69544967,-0.0038548506,0.71855792,0.010296786,-0.026203539,0.06032713
0.5905,0.020002884,0.036894825,0.04486286,-0.0043988674,-0.69217416,-0.0049687828,0.72170001,0.012556162,-0.022173109,0.06911326
0.6005,0.020030672,0.036670668,0.045570999,-0.0060215191,-0.68880512,-0.0057608843,0.72489866,0.018577295,-0.02075066,0.074890377
0.6105,0.020128637,0.036427545,0.046358707,-0.0077220652,-0.68550303,-0.0066054359,0.72799886,0.026538506,-0.024733978,0.083346969
0.6205,0.02030535,0.03614473,0.047187342,-0.0091746965,-0.68234726,-0.007897526,0.73092795,0.034015027,-0.028983647,0.079509334
0.6305,0.020525991,0.035876339,0.048053956,-0.010539028,-0.67958576,-0.0093048755,0.73346134,0.027714922,-0.025919235,0.079298223
0.6405,0.020593966,0.035616323,0.048725918,-0.011911117,-0.67834811,-0.010857785,0.73456387,0.0090992624,-0.025573016,0.052353729
0.6505,0.020540894,0.035362229,0.049126712,-0.013370692,-0.67837427,-0.012490849,0.73448863,-0.00089606765,-0.023515638,0.027289429
0.6605,0.02041338,0.035185405,0.049238592,-0.01472958,-0.67920481,-0.013961347,0.73366814,-0.010773492,-0.012202508,-0.0045027874
0.6705,0.020249238,0.03510714,0.049123091,-0.016034723,-0.68078189,-0.015291551,0.73215099,-0.0094334719,-0.011962871,-0.0069476184
0.6805,0.02013091,0.034927474,0.049107345,-0.017549776,-0.68256709,-0.01684778,0.73041792,-0.0043035387,-0.020746819,0.0023525821
0.6905,0.020032412,0.034767772,0.049064008,-0.0189334,-0.68450704,-0.018353848,0.72852918,-0.0064554181,-0.0097501994,-0.011419475
0.7005,0.019931266,0.034640548,0.049015037,-0.020286853,-0.6864968,-0.019883096,0.72657777,-0.0054275065,-0.0070393774,-0.0033841136
0.7105,0.019841664,0.034699883,0.048938987,-0.021205671,-0.68852929,-0.021210393,0.72458806,-0.0053878785,0.001828622,-0.0066142174
0.7205,0.019763552,0.034794336,0.048855294,-0.022076443,-0.69050523,-0.022377974,0.72264402,-0.0066934872,0.027601705,-0.013718324
0.7305,0.019730766,0.0350035,0.048673216,-0.022798645,-0.69264148,-0.023225141,0.72054743,-2.0925547e-05,0.028495264,-0.022325983
0.7405,0.019779449,0.035558626,0.048400808,-0.022860605,-0.6949843,-0.023370628,0.7182813,0.0023615775,0.077300596,-0.030484073
0.7505,0.01989916,0.036537153,0.048062279,-0.021987792,-0.69744673,-0.022656692,0.71594083,0.0040111273,0.11363463,-0.035699896
0.7605,0.020105074,0.037894186,0.047633919,-0.020328928,-0.70010076,-0.021152667,0.71344112,0.0097324006,0.15219377,-0.047424662
0.7705,0.020402133,0.039585884,0.047108398,-0.017996918,-0.70295454,-0.018919406,0.71075529,0.013540426,0.18125812,-0.056148571
0.7805,0.020766372,0.041525924,0.046508759,-0.015097625,-0.7058884,-0.01609648,0.70797919,0.016310158,0.20213913,-0.063145407
0.7905,0.021183392,0.04357438,0.045791237,-0.011999009,-0.70898856,-0.012973252,0.70499854,0.018903141,0.16447771,-0.072594732
0.8005,0.021468766,0.044682808,0.045099807,-0.010940216,-0.71198701,-0.011741794,0.70200922,0.015150147,0.076414075,-0.065908092
0.8105,0.021719936,0.04545382,0.044407648,-0.010510909,-0.7148955,-0.011071725,0.69906463,0.019820008,0.10317257,-0.075697167
0.8205,0.022083365,0.046617457,0.04365282,-0.0092622072,-0.71786522,-0.0095077408,0.69605556,0.025995293,0.13356784,-0.074026199
0.8305,0.022560611,0.04823026,0.042893887,-0.0071194778,-0.72077516,-0.0069352235,0.69309767,0.031820569,0.18320494,-0.074426064
0.8405,0.023032587,0.049691296,0.042225915,-0.0052828959,-0.72353251,-0.0046288004,0.69025457,0.027581928,0.090395431,-0.053843228
0.8505,0.023405187,0.050578294,0.041689446,-0.0045374947,-0.72605869,-0.0035066994,0.68760883,0.029217169,0.11280197,-0.052045251
0.8605,0.023807869,0.051660999,0.04152392,-0.0038180724,-0.7277309,-0.0024913028,0.68584762,0.034591497,0.10705288,0.007889108
0.8705,0.024200588,0.052702171,0.04172306,-0.0036744114,-0.7286361,-0.0019193934,0.6848885,0.034968394,0.089613028,0.026607378
0.8805,0.024579708,0.05321299,0.041891622,-0.0038589362,-0.72957019,-0.0012646313,0.68389389,0.034708026,0.02765878,-0.0030697559
0.8905,0.02490496,0.05321242,0.04190367,-0.0039975961,-0.73055267,-0.00047984151,0.68284448,0.019580978,-0.020028653,0.010488184
0.9005,0.025050003,0.05281298,0.041964619,-0.0041079762,-0.73104975,-1.0289299e-05,0.68231179,0.0082715975,-0.056189659,0.0045531828
0.9105,0.025100383,0.052045793,0.041990378,-0.004121853,-0.73133526,0.00030513898,0.68200561,0.00038841139,-0.094040546,0.00028510969
0.9205,0.025088929,0.050938894,0.041998378,-0.0041054646,-0.73145297,0.00046622882,0.68187937,-0.0034283566,-0.12434806,0.0025908271
0.9305,0.025046034,0.049548146,0.042003318,-0.0041091868,-0.73144159,0.00046767342,0.68189155,-0.0049378694,-0.15122048,0.0025541788
0.9405,0.024979667,0.04790732,0.041998846,-0.0042185296,-0.73130871,0.00022947935,0.68203352,-0.0058231403,-0.17348054,0.0033219231
0.9505,0.024919665,0.046057826,0.041984573,-0.0045463305,-0.73108449,-0.00018136772,0.68227177,-0.0016390072,-0.19036965,0.0014133006
0.9605,0.024853652,0.044082908,0.041962085,-0.0047489841,-0.73079312,-0.00092700657,0.68258187,-0.0045726382,-0.19923989,0.004446192
0.9705,0.024756768,0.042062309,0.041937471,-0.0051069642,-0.73035092,-0.0016442387,0.68305106,-0.0061435095,-0.19980522,0.00013180054
0.9805,0.02467197,0.04003113,0.041914528,-0.0055577685,-0.72985375,-0.0023269202,0.68357677,-0.0026324855,-0.20283081,0.0011098804
0.9905,0.024632958,0.037992299,0.041893381,-0.0059280508,-0.72944497,-0.00312637,0.68400667,0.001006195,-0.20150706,-0.00010918286
1.0005,0.024605129,0.036007963,0.041864872,-0.0061689504,-0.72900656,-0.0040408892,0.68446698,0.00074731298,-0.19172168,0.0070676839
1.0105,0.024563396,0.034128989,0.041840534,-0.0065803452,-0.72840647,-0.0047130472,0.68509744,-5.1032343e-05,-0.18013735,-0.000727621
1.0205,0.024537141,0.032365799,0.041795014,-0.0069036354,-0.72783304,-0.0053930599,0.68569841,0.0024178138,-0.16898336,-0.0043077453
1.0305,0.024521947,0.030727743,0.04176148,-0.0069719164,-0.72706556,-0.0061600479,0.68650501,0.0016536682,-0.16250258,-0.016107042
1.0405,0.024492785,0.029204157,0.041704925,-0.0072039698,-0.7259977,-0.0067135223,0.68762662,0.0011380921,-0.14484652,-0.0022396927
1.0505,0.024463287,0.027828178,0.041674865,-0.0074509125,-0.72473912,-0.007134909,0.68894614,0.0014047567,-0.13103172,-0.0040406462
1.0605,0.024440179,0.026587388,0.041606428,-0.0075973484,-0.72311689,-0.007576247,0.69064234,0.0034259818,-0.11632969,-0.0032982272
1.0705,0.024431945,0.025541641,0.041503694,-0.0075869365,-0.72103883,-0.0080384672,0.69280648,0.0037268084,-0.080131749,-0.012207069
1.0805,0.024409115,0.025073326,0.041518161,-0.007681712,-0.71902126,-0.0080985816,0.69489844,-0.0002330471,-0.025098914,0.0098023693
1.0905,0.024362201,0.024958323,0.041688737,-0.0076096016,-0.71699595,-0.007908272,0.69699094,-0.0024867869,-0.0015568719,0.02139346
1.1005,0.024313406,0.025007853,0.041921204,-0.0074067403,-0.71484287,-0.0075882971,0.69920472,-0.0024397036,0.010049475,0.024561175
1.1105,0.024268818,0.025151411,0.042161343,-0.0071428115,-0.71271342,-0.0072385622,0.70138161,-0.0022709979,0.017917727,0.023315976
1.1205,0.024228137,0.025362963,0.042407577,-0.0067451687,-0.71048767,-0.0067999553,0.70364447,-0.0025239896,0.023329907,0.025288931
1.1305,0.024190848,0.025632926,0.042633165,-0.0063215251,-0.70814364,-0.0061410817,0.70601339,-0.0025767927,0.030247334,0.020882173
1.1405,0.024168259,0.02596644,0.042757846,-0.0057330621,-0.70589995,-0.0055502913,0.70826661,-0.0012597665,0.033805579,0.014549645
1.1505,0.024158741,0.026319817,0.042911142,-0.0049961385,-0.70365627,-0.0048481574,0.71050643,9.710269e-05,0.036130133,0.0090647453
1.1605,0.024164697,0.026615247,0.043140404,-0.0040219089,-0.7011353,-0.0040668145,0.71300531,0.00041362536,0.023699986,0.031444029
1.1705,0.024188028,0.026813689,0.043525428,-0.0029992348,-0.69829981,-0.0032310504,0.71579182,0.003824168,0.016592054,0.041929599
1.1805,0.024262888,0.027005767,0.044066646,-0.0018092552,-0.69512675,-0.0022668738,0.71888134,0.0098044333,0.020565258,0.06146302
1.1905,0.024398675,0.027223771,0.044749714,-0.00044068569,-0.69164091,-0.001150804,0.7222405,0.015273123,0.02170781,0.071039037
1.2005,0.024589626,0.027449093,0.045470471,0.00085089573,-0.68804984,0.0001338545,0.72566292,0.02036217,0.021604204,0.073520347
1.2105,0.024838269,0.027692238,0.046249124,0.0023665163,-0.6845725,0.0013679639,0.72893965,0.025523866,0.025143072,0.077956767
1.2205,0.02515526,0.027954923,0.047098385,0.0040860966,-0.68127732,0.0025824459,0.73200946,0.032823112,0.025848002,0.087012743
1.2305,0.025549922,0.02822342,0.047970604,0.005541318,-0.67816479,0.0040925292,0.73487758,0.038986517,0.024264134,0.091452102
1.2405,0.025953982,0.02845443,0.048864866,0.0070359238,-0.67590046,0.0056110441,0.73693798,0.025610581,0.021721599,0.078256986
1.2505,0.026178726,0.028647667,0.049461509,0.0084419434,-0.67536093,0.0071751819,0.73740413,0.0071625037,0.012449036,0.041304
1.2605,0.026260994,0.028625776,0.049642287,0.0093760845,-0.67611157,0.0082790421,0.73669308,-0.0039076023,-0.014297644,0.00010774806
1.2705,0.026245023,0.028325435,0.049423698,0.0097723518,-0.67805013,0.0088287297,0.73489766,-0.01087732,-0.042726649,-0.039353771
1.2805,0.026206883,0.027947261,0.048985943,0.0100486,-0.68079527,0.0092262855,0.73234671,-0.0068476056,-0.018892602,-0.034376318
1.2905,0.02626702,0.027900893,0.04870952,0.010910757,-0.68346879,0.010204903,0.72982685,-0.0019998131,0.0051612413,-0.021403688
1.3005,0.026360337,0.027993795,0.048499448,0.012045934,-0.68610377,0.011494871,0.72731312,-0.0020071151,0.01237296,-0.020049577
1.3105,0.026467802,0.028128563,0.048277823,0.013315858,-0.68875965,0.012945808,0.72475185,-0.0012260164,0.014698105,-0.022493583
1.3205,0.026583637,0.028274019,0.048029451,0.014593884,-0.69138343,0.014404308,0.72219699,-0.00038779623,0.014986081,-0.025263369
1.3305,0.026741897,0.028428554,0.047728247,0.015899228,-0.69408357,0.015905749,0.71954306,0.0058570149,0.012561728,-0.032893393
1.3405,0.026903871,0.028179225,0.047322357,0.016417434,-0.6969877,0.016652514,0.71670169,0.0088491268,-0.054680358,-0.045388478
1.3505,0.027026327,0.027362576,0.046815974,0.015792035,-0.70001985,0.01622837,0.71376429,0.010856872,-0.1031225,-0.053278546
1.3605,0.027139976,0.026060665,0.046222893,0.014241521,-0.70319231,0.014787251,0.71070324,0.016858491,-0.15214063,-0.063800853
1.3705,0.027264803,0.024355271,0.045568289,0.011919651,-0.70645807,0.012479132,0.70754448,0.021969545,-0.18556812,-0.067140569
1.3805,0.027441347,0.022975737,0.044967567,0.010122953,-0.70951696,0.010813438,0.70453267,0.022996093,-0.13008405,-0.056396425
1.3905,0.027635448,0.021399113,0.044331313,0.0079929839,-0.71257595,0.0086284341,0.70149639,0.028900549,-0.1799636,-0.068688707
1.4005,0.027836389,0.01941923,0.043614023,0.0051477588,-0.71570218,0.0055221906,0.6983648,0.033417709,-0.21247449,-0.074432344
1.4105,0.028041981,0.017276389,0.042862418,0.0019609727,-0.71879491,0.0019978437,0.69521654,0.031365439,-0.17724589,-0.070043384
1.4205,0.028292371,0.01612433,0.042342197,0.00084115358,-0.72156384,0.00062139419,0.69234712,0.026469919,-0.096817862,-0.044302889
1.4305,0.028560104,0.014863674,0.041899258,-0.00054631852,-0.72409689,-0.0010616052,0.68969723,0.034152846,-0.14983284,-0.04487346
1.4405,0.028844464,0.013319399,0.041562509,-0.0024318434,-0.72619552,-0.0032233706,0.68747638,0.037329408,-0.14265338,-0.0077347721
1.4505,0.029197043,0.01200073,0.041692812,-0.0031853688,-0.727366,-0.0042279788,0.68622932,0.038803551,-0.12523051,0.024868296
1.4605,0.029567262,0.010780705,0.041941119,-0.0033937014,-0.7282797,-0.0051657561,0.68525213,0.037584448,-0.11709048,0.0047824521
1.4705,0.029875114,0.009924381,0.041892361,-0.0038670014,-0.72956986,-0.0065844868,0.68386366,0.029762226,-0.0505354,-0.0009004082
1.4805,0.030145095,0.0097739328,0.041977643,-0.0039154031,-0.73043123,-0.0073131946,0.68293587,0.026291927,0.011237501,0.012367609
1.4905,0.030396932,0.010131597,0.042127518,-0.0039138942,-0.73101455,-0.0076603298,0.68230765,0.023940423,0.056891358,0.0012473506
1.5005,0.030628061,0.010888448,0.042131268,-0.0039982569,-0.73164213,-0.0078131073,0.68163242,0.021841572,0.089452522,0.012185384
1.5105,0.030807243,0.011980185,0.042130465,-0.004111196,-0.73199787,-0.0077519755,0.68125041,0.012212894,0.12414783,-0.0029257433
1.5205,0.030895027,0.013360085,0.042124758,-0.0040364244,-0.73198461,-0.0075516169,0.68126736,0.0048457687,0.15130189,-0.0024934798
1.5305,0.030938294,0.01498236,0.042122484,-0.0037150492,-0.73175097,-0.0072127718,0.68152381,0.0016864887,0.17150578,0.00061775474
1.5405,0.030960833,0.016769064,0.042111656,-0.0032865386,-0.73137774,-0.0067366906,0.68193138,-0.00074476223,0.18268655,0.0019035775
1.5505,0.030986655,0.018652318,0.042112486,-0.0026275731,-0.73090302,-0.0063024885,0.68244718,0.0040889727,0.19365494,-0.0038001069
1.5605,0.031056404,0.020599693,0.042089743,-0.0020847001,-0.73049447,-0.0056527707,0.68289204,0.001632354,0.19836502,-0.011240318
1.5705,0.031063224,0.022500661,0.042050558,-0.0016722076,-0.72997316,-0.0048876583,0.68345628,-0.0068917328,0.18099393,-0.011124748
1.5805,0.031039273,0.024265298,0.042001689,-0.0013312897,-0.72933908,-0.0041362348,0.6841386,-0.00081116985,0.17837871,-0.0074206123
1.5905,0.031048408,0.025997338,0.041949246,-0.00097241824,-0.72878322,-0.0034213588,0.68473526,-0.00083381486,0.16964378,-0.0041935172
1.6005,0.031048972,0.02759221,0.041897666,-0.00073676821,-0.72816079,-0.0026996372,0.68540064,-0.0013877759,0.15285352,-0.001074551
1.6105,0.031046281,0.029052586,0.041869701,-0.00044261439,-0.72743421,-0.002169612,0.68617386,-0.0013992654,0.13888767,-0.0018367859
1.6205,0.031045732,0.030381238,0.041817981,-0.00029325532,-0.72673262,-0.0015990423,0.68691852,-0.00046315216,0.12686019,-0.001809482
1.6305,0.031036922,0.031576811,0.041768241,-0.00013983006,-0.72580946,-0.0012086023,0.68789472,-0.00074438263,0.11270377,-5.3602908e-06
1.6405,0.031020328,0.032650188,0.041702366,-0.00015402191,-0.7246389,-0.00091089142,0.68912815,-0.0003102758,0.1003536,-0.0093943389
1.6505,0.03100288,0.033582174,0.041629983,-0.00027313793,-0.72335534,-0.00066097375,0.69047559,0.00052283301,0.087429473,-0.0035312306
1.6605,0.030987206,0.03438498,0.041542237,-0.00045400608,-0.72164221,-0.00043155971,0.69226594,0.0021617747,0.074000858,-0.0046016848
1.6705,0.030981139,0.035014782,0.041513313,-0.00039118608,-0.71953025,-0.00053160259,0.69446079,0.0044746187,0.048747558,0.0077057725
1.6805,0.030959906,0.035299346,0.041650963,-0.00087138854,-0.71774837,-0.00053268389,0.69630183,0.0011383809,0.015526695,0.019428576
1.6905,0.030901704,0.035338009,0.04185644,-0.0016781184,-0.71597511,-0.00066713075,0.69812347,-0.0010254391,-0.0046517525,0.021451627
1.7005,0.03081805,0.035219703,0.04206133,-0.0023310396,-0.71410065,-0.0013017545,0.70003795,-0.0013470374,-0.016966681,0.023556872
1.7105,0.030732794,0.035005242,0.042296062,-0.0033432332,-0.71220123,-0.0017317501,0.70196526,-0.00099761866,-0.024611414,0.021932941
1.7205,0.030642999,0.034721647,0.042513332,-0.0043000043,-0.71021744,-0.0024015794,0.70396515,-0.00046591865,-0.031370692,0.017288572
1.7305,0.030552548,0.034374324,0.042614478,-0.0053446916,-0.70817417,-0.0031594613,0.70601048,-0.00024832617,-0.034435443,0.016157107
1.7405,0.030461106,0.034025658,0.042787805,-0.0064022073,-0.70608114,-0.0039580964,0.70809093,-9.9809617e-05,-0.034965058,0.014982878
1.7505,0.030367972,0.033705884,0.042968476,-0.0073266134,-0.70379627,-0.0049984614,0.7103465,0.0015039835,-0.028377465,0.022393368
1.7605,0.030299004,0.033444375,0.043268316,-0.0078928641,-0.7011985,-0.0064712039,0.71289304,0.0051635896,-0.026186211,0.029972269
1.7705,0.030257784,0.033192505,0.043637223,-0.0081728757,-0.69847242,-0.0082070815,0.71554324,0.0067222666,-0.024013906,0.037124153
1.7805,0.030231933,0.032955144,0.044170326,-0.0089950979,-0.69546295,-0.0095089713,0.71844273,0.010670959,-0.023629288,0.061329306
1.7905,0.030228277,0.032729098,0.044823926,-0.010400579,-0.69217222,-0.010350997,0.72158319,0.013615482,-0.020474186,0.069671899
1.8005,0.030274708,0.032518077,0.045546645,-0.011849301,-0.68878662,-0.011141826,0.72478165,0.01977329,-0.019364225,0.075611216
1.8105,0.030386942,0.032280218,0.046316624,-0.013426315,-0.68547149,-0.011981481,0.72787706,0.027774911,-0.026466555,0.07639316
1.8205,0.030568911,0.032000417,0.047158952,-0.014834077,-0.68230025,-0.013220862,0.73080197,0.033989138,-0.027362174,0.087795133
1.8305,0.030798659,0.031746517,0.048084045,-0.016232135,-0.67944748,-0.014487137,0.7334015,0.030283097,-0.023768042,0.087869359
1.8405,0.030887024,0.031499416,0.048829444,-0.017533003,-0.67805656,-0.016012766,0.73462609,0.01066268,-0.024575435,0.05850121
1.8505,0.030843861,0.031287669,0.049248096,-0.018851432,-0.67801988,-0.017549492,0.73459219,-0.0020000128,-0.017025211,0.024980618
1.8605,0.030709065,0.031156535,0.0493408,-0.02008588,-0.67885065,-0.018929247,0.73375748,-0.012334679,-0.0091343545,-0.0063088064
1.8705,0.03051798,0.03115478,0.049146301,-0.021219531,-0.68052448,-0.020136379,0.73214116,-0.015151795,0.00055781686,-0.021705515
1.8805,0.030364935,0.03107374,0.049025591,-0.022660662,-0.68246147,-0.02147091,0.73025464,-0.0075823696,-0.013189428,-0.0030918012
1.8905,0.030264249,0.030895477,0.049042154,-0.024123419,-0.68430397,-0.02299112,0.72843499,-0.0031974855,-0.019715904,0.0053055008
1.9005,0.03017819,0.03084725,0.049051507,-0.025101658,-0.68619534,-0.02450104,0.7265711,-0.0068957803,0.013726596,-0.007552853
1.9105,0.0300932,0.030865152,0.049025044,-0.025948789,-0.68813867,-0.025975539,0.72464964,-0.0044430995,-0.0056776149,-0.0021153003
1.9205,0.030016721,0.030963874,0.048965544,-0.026777389,-0.69007122,-0.027138352,0.7227366,-0.0068802913,0.028961279,-0.011580609
1.9305,0.030000371,0.031514604,0.048777876,-0.026789198,-0.69225586,-0.027380053,0.72063478,-0.0030189566,0.075836549,-0.024281212
1.9405,0.030065879,0.032470876,0.048487094,-0.026014338,-0.69468026,-0.02679874,0.71834839,-0.00014231431,0.11071171,-0.032097171
1.9505,0.030194616,0.033733379,0.048130032,-0.02458266,-0.6972045,-0.025520317,0.71599601,0.0018052767,0.13744261,-0.037602107
1.9605,0.030401211,0.035296052,0.047675354,-0.022607595,-0.69990396,-0.023524193,0.71349139,0.0075480315,0.16963156,-0.04975274
1.9705,0.030695117,0.037135739,0.047121019,-0.020026814,-0.70281241,-0.020946419,0.7107847,0.011769247,0.19368268,-0.058307497
1.9805,0.031053895,0.039182884,0.046492185,-0.01696889,-0.70580722,-0.017858632,0.70797549,0.014796862,0.21161126,-0.064905903
1.9905,0.031438191,0.041142577,0.045780915,-0.014112197,-0.70892308,-0.014918612,0.70498678,0.016309358,0.13638573,-0.064655635
2.0005,0.031716109,0.042238997,0.045156699,-0.01289516,-0.71181671,-0.013829545,0.7021107,0.017821193,0.10940243,-0.066411505
2.0105,0.032032967,0.043378361,0.044431054,-0.01173131,-0.71479444,-0.012379991,0.69912661,0.020131015,0.12392656,-0.077044789
2.0205,0.032420344,0.044729052,0.043661464,-0.010231095,-0.71778988,-0.010376533,0.69610727,0.026777073,0.15653199,-0.076270642
2.0305,0.032916742,0.046473376,0.042901193,-0.0077532073,-0.72073646,-0.0076199359,0.69312393,0.031002545,0.17727686,-0.072996634
2.0405,0.033388446,0.047951148,0.042238504,-0.0058502539,-0.72351072,-0.0053339913,0.69026774,0.027362109,0.093176923,-0.055011257
2.0505,0.033763794,0.048865009,0.041696785,-0.0050710706,-0.72605958,-0.0041804119,0.68760039,0.028787486,0.11719301,-0.057779956
2.0605,0.034167127,0.049968601,0.041495997,-0.0042906683,-0.72779818,-0.0030695079,0.68577109,0.033897266,0.1074205,0.0059089777
2.0705,0.034554294,0.050990556,0.04168104,-0.0041243896,-0.72872225,-0.0024713076,0.6847925,0.033918237,0.083591652,0.025230159
2.0805,0.034921504,0.051410143,0.04190214,-0.0043588645,-0.72957406,-0.0019127611,0.68388525,0.034125919,0.011665484,0.016910937
2.0905,0.035247162,0.051299623,0.041902389,-0.0045139165,-0.73058916,-0.0011931529,0.68280135,0.019909481,-0.029740682,0.0075048645
2.1005,0.035392057,0.050807131,0.041960537,-0.0046116907,-0.7310859,-0.00074845569,0.68226943,0.0084226999,-0.065270628,0.0036127268
2.1105,0.035445588,0.049956271,0.04198253,-0.0046273972,-0.73136435,-0.00046868272,0.68197108,0.0012655839,-0.10319028,-0.0062236609
2.1205,0.035440584,0.048783471,0.041992241,-0.0046206317,-0.73146611,-0.00034709703,0.68186205,-0.002369878,-0.13164637,-0.0029667315
2.1305,0.035404728,0.047335949,0.041986938,-0.0046752107,-0.73145991,-0.00041960372,0.68186829,-0.0036197993,-0.15745941,-0.0016502867
2.1405,0.035344517,0.045657303,0.041982063,-0.0048592173,-0.7313207,-0.00075137734,0.68201603,-0.004565365,-0.17696417,-0.0017634328
2.1505,0.03530055,0.043810272,0.041978618,-0.0051638472,-0.73109452,-0.00124817,0.68225551,0.0017192736,-0.19022076,0.0034317205
2.1605,0.035258934,0.041874142,0.041953919,-0.0054919724,-0.73079147,-0.0019167526,0.682576,-0.0041639339,-0.19278968,-0.00098935284
2.1705,0.035172589,0.039944602,0.041926221,-0.0058560288,-0.73033397,-0.0026013732,0.68306019,-0.0044149611,-0.19734962,-0.01722738
2.1805,0.03510971,0.038014628,0.041897692,-0.0062468095,-0.72985228,-0.0032839623,0.68356847,-0.00087639584,-0.19109218,0.0011212276
2.1905,0.035078014,0.036114182,0.041872183,-0.0065274401,-0.72944386,-0.0040685107,0.68399744,0.0017631186,-0.1830314,0.0027724231
2.2005,0.03505723,0.034296077,0.041849584,-0.0066865204,-0.72898365,-0.0048723778,0.68448111,0.00098939438,-0.18132849,-0.011716147
2.2105,0.035025547,0.032574463,0.041823912,-0.0070410906,-0.72838989,-0.0054487645,0.68510503,0.00067813871,-0.16296276,0.0019404916
2.2205,0.03499578,0.030983384,0.041787842,-0.0073322206,-0.72776349,-0.0060062061,0.68576269,0.0009715406,-0.15474643,-0.0072638589
2.2305,0.034981792,0.029505046,0.041756359,-0.0074805445,-0.72698584,-0.0065950386,0.68658003,0.0020789989,-0.14106764,0.00069401095
2.2405,0.034960527,0.0281502,0.041718174,-0.0076214155,-0.72592004,-0.0070997164,0.68770023,0.0015031705,-0.13073769,-0.0094511773
2.2505,0.034936518,0.0269256,0.04165672,-0.0078012352,-0.72472846,-0.0075053912,0.68894954,0.001391898,-0.11503877,-0.0036933921
2.2605,0.03491847,0.025865634,0.041601112,-0.0078154944,-0.72309006,-0.0078984113,0.69066439,0.0028536291,-0.091646414,-0.011192386
2.2705,0.034905332,0.025034985,0.041509462,-0.0079240501,-0.72090877,-0.0080373327,0.69293806,0.0033791037,-0.068008005,-0.013153377
2.2805,0.034877342,0.024639008,0.041517816,-0.007958018,-0.71894519,-0.0080578579,0.69497449,-0.0010933083,-0.020801621,0.0086485047
2.2905,0.03483057,0.024550412,0.041687452,-0.0078417303,-0.71695234,-0.0078754961,0.69703359,-0.0023345884,-0.00053308392,0.022171127
2.3005,0.034783226,0.02461382,0.041923136,-0.0076037241,-0.71481799,-0.007579699,0.69922812,-0.0023658383,0.011000118,0.024899627
2.3105,0.034739397,0.02476885,0.042167843,-0.0073106388,-0.71270018,-0.0072562132,0.70139315,-0.0022249676,0.01885117,0.023872017
2.3205,0.034699403,0.024992807,0.042418702,-0.0068878341,-0.71048332,-0.006842599,0.70364706,-0.0024127449,0.025416542,0.025125007
2.3305,0.03466445,0.025266634,0.042667605,-0.0063200616,-0.70814293,-0.0063251215,0.70601249,-0.0017694766,0.030603884,0.017393818
2.3405,0.034643681,0.025600345,0.042785974,-0.0057349529,-0.70588283,-0.0057252069,0.70828227,-0.0013701104,0.034467133,0.012238767
2.3505,0.034634243,0.025954537,0.042946154,-0.0050598377,-0.70360905,-0.0049633788,0.71055194,-1.8058357e-05,0.0344775,0.02202451
2.3605,0.03463324,0.026267823,0.043210225,-0.0041464737,-0.70103333,-0.0041405367,0.71310443,-0.00040073441,0.026034761,0.032866573
2.3705,0.034645979,0.026485108,0.043602053,-0.0031642826,-0.69816761,-0.0032702381,0.71591989,0.002842044,0.018187638,0.042463597
2.3805,0.03471082,0.026690363,0.044146113,-0.0019744182,-0.69496995,-0.0023060306,0.71903238,0.0087467408,0.021505668,0.061324869
2.3905,0.034833483,0.026918408,0.044781409,-0.0005715701,-0.69150388,-0.001224857,0.72237148,0.014107372,0.02257035,0.067485492
2.4005,0.035013332,0.027142334,0.045508224,0.0008508497,-0.68791727,-7.3196656e-05,0.72578861,0.019537813,0.021158847,0.074043867
2.4105,0.035261306,0.027387897,0.046283673,0.0023544159,-0.68444927,0.0011730192,0.72905575,0.026274234,0.026152602,0.080016496
2.4205,0.03558392,0.027658288,0.04713567,0.0039827765,-0.68115651,0.0024901231,0.73212276,0.032930672,0.026701365,0.083156837
2.4305,0.03597487,0.027921383,0.048011542,0.0055126536,-0.67805202,0.0039258783,0.73498276,0.038640026,0.023534268,0.091817066
2.4405,0.036362901,0.028146939,0.04890073,0.0069647511,-0.67585495,0.0054881453,0.73698132,0.023474604,0.021325647,0.077709468
2.4505,0.036571798,0.028328547,0.049468497,0.0083027464,-0.67539332,0.0070556618,0.73737721,0.0062865727,0.0085489515,0.038121118
2.4605,0.036644117,0.028272633,0.049621278,0.0091515128,-0.67619931,0.008095272,0.73661741,-0.0043672069,-0.017125802,-0.0027065301
2.4705,0.036621996,0.027947785,0.049378031,0.0094937754,-0.67817722,0.0085897379,0.73478687,-0.01122483,-0.04500626,-0.04101978
2.4805,0.036587155,0.027576335,0.048943402,0.0097854622,-0.6809143,0.0089937257,0.73224249,-0.0063571553,-0.017491178,-0.033395559
2.4905,0.036651134,0.027538335,0.048676561,0.010665251,-0.68356744,0.0099821764,0.72974116,-0.0016842962,0.0058614733,-0.020490034
2.5005,0.036746679,0.027635464,0.048474704,0.011807934,-0.68618303,0.011273703,0.72724571,-0.0018187083,0.012591659,-0.019423454
2.5105,0.036855083,0.027771648,0.048260019,0.01308184,-0.6888217,0.012723898,0.72470106,-0.00112509,0.014758778,-0.021982701
2.5205,0.036971142,0.02791757,0.048017407,0.014362401,-0.69143052,0.014181094,0.72216097,-0.00038196249,0.0150082,-0.024711125
2.5305,0.037129842,0.028071997,0.04772088,0.01566951,-0.69411908,0.015681111,0.71951877,0.0059513535,0.012518895,-0.03249314
2.5405,0.037291385,0.027822406,0.047315234,0.016189097,-0.6970184,0.016425836,0.71668226,0.0088035622,-0.054718515,-0.045407312
2.5505,0.03741445,0.027005645,0.046812517,0.01556546,-0.70004192,0.016001051,0.71375275,0.010986351,-0.10309145,-0.052720334
2.5605,0.037527892,0.025704193,0.046223337,0.01403847,-0.70320404,0.014543971,0.71070069,0.017080723,-0.15183536,-0.063105005
2.5705,0.037654258,0.024008768,0.045568608,0.011679728,-0.70645931,0.012301698,0.70755035,0.021719941,-0.17405713,-0.065528399
2.5805,0.037834125,0.022634357,0.044978409,0.0099203053,-0.70950328,0.010627873,0.70455215,0.023889256,-0.14744331,-0.057886462
2.5905,0.038021211,0.020915056,0.044333806,0.0075212352,-0.71258167,0.0081423696,0.7015016,0.029573188,-0.19167297,-0.069738088
2.6005,0.038219482,0.018843307,0.043610582,0.0044872397,-0.71571916,0.0048515881,0.69835694,0.034047271,-0.21978072,-0.075217617
2.6105,0.038427754,0.01667749,0.042861395,0.0012785193,-0.71880814,0.0012710693,0.69520616,0.031364344,-0.17203456,-0.068832368
2.6205,0.038682751,0.015538278,0.042347587,0.00019981525,-0.72157062,-7.6185088e-05,0.69234081,0.027231357,-0.10101509,-0.045258677
2.6305,0.03895364,0.014251056,0.04189877,-0.0012559338,-0.72410552,-0.0018078008,0.68968569,0.034217258,-0.15115486,-0.046388755
2.6405,0.03924004,0.012684,0.04157341,-0.0031136488,-0.72621846,-0.0040373951,0.68744509,0.037309492,-0.14361021,-0.0073923453
2.6505,0.039591742,0.011362353,0.04170552,-0.0038588918,-0.7273993,-0.0050626196,0.68618492,0.038660921,-0.12472786,0.024659807
2.6605,0.039959952,0.010205918,0.041935958,-0.0041316138,-0.7283341,-0.005869097,0.68518459,0.036094848,-0.10078856,0.0020593003
2.6705,0.040260929,0.0095098736,0.041882029,-0.0045232636,-0.72961675,-0.0070787429,0.68380467,0.028413483,-0.036528136,-5.0729114e-05
2.6805,0.040526478,0.0094605005,0.041978191,-0.0045108215,-0.73046691,-0.0077374512,0.68288936,0.025709307,0.019242902,0.013697558
2.6905,0.040774893,0.0098888567,0.042102117,-0.0044658693,-0.73109642,-0.008084029,0.68221164,0.02329691,0.06411958,-0.0087727418
2.7005,0.041004382,0.010696204,0.04212515,-0.0045017996,-0.73170127,-0.0082270622,0.68156093,0.021026783,0.099178382,-0.0094287778
2.7105,0.04117181,0.011824799,0.042120694,-0.0045556835,-0.73203428,-0.0081680976,0.6812036,0.011292854,0.12668719,0.0014042308
2.7205,0.041249728,0.013236799,0.042125413,-0.0044301831,-0.73199224,-0.007925385,0.68125246,0.0042266114,0.1555655,-0.0054946656
2.7305,0.041294298,0.014890832,0.042116443,-0.0040599603,-0.73177342,-0.007548196,0.68149409,0.0019090902,0.17741467,-0.0078915124
2.7405,0.041320788,0.016704437,0.042105959,-0.0035639885,-0.73141114,-0.007060282,0.68189089,-0.0006414131,0.18857596,-0.0068069584
2.7505,0.041382321,0.01862508,0.0421035,-0.0028727279,-0.73099286,-0.0065852666,0.68234728,0.0050553847,0.1958005,-0.0019614826
2.7605,0.041425785,0.020586059,0.042077995,-0.0023200176,-0.73055891,-0.0059005818,0.68282024,-0.00025316674,0.19914994,-0.0097870867
2.7705,0.041433838,0.02251175,0.042031839,-0.0020105259,-0.73002617,-0.0050018743,0.68339793,-0.0022720913,0.18692418,0.0026491869
2.7805,0.041430738,0.024373291,0.042010364,-0.0014875273,-0.72938384,-0.0043347675,0.68408932,-0.0023561393,0.18341445,-0.0023076225
2.7905,0.04144079,0.026168915,0.041959874,-0.0010998453,-0.72882821,-0.0035768603,0.68468637,0.00087190965,0.17475794,-0.00095547824
2.8005,0.041446214,0.027786899,0.041881043,-0.0010790935,-0.72825331,-0.0026442443,0.68530209,-0.0019234156,0.15422371,-0.00074466836
2.8105,0.04143977,0.029285565,0.041870188,-0.00053130318,-0.72749467,-0.0022903624,0.68610931,-0.0020891419,0.14052875,0.0030817464
2.8205,0.041433222,0.030622429,0.041831014,-0.00020029772,-0.72676073,-0.0018467861,0.68688819,-0.00032203086,0.13045209,-0.0083358828
2.8305,0.041428191,0.031860853,0.041772439,-0.00011475463,-0.72585143,-0.0013397144,0.6878502,-0.00032194607,0.12128691,-0.012586835
2.8405,0.041416744,0.032982339,0.041705577,-0.0001421854,-0.72467556,-0.00092977082,0.68908958,0.00016995706,0.10501826,-0.0017222146
2.8505,0.041406024,0.033971344,0.041624561,-0.00022477139,-0.72340649,-0.00064251578,0.69042204,0.0011419211,0.093977554,-0.010981264
2.8605,0.041395363,0.034782347,0.041542118,-0.00036537811,-0.72168188,-0.00042300813,0.69222464,0.0023400159,0.069701778,-0.0078768358
2.8705,0.041387678,0.035422449,0.041524195,-0.00040482573,-0.71953779,-0.0004660921,0.69445301,0.0048528598,0.051527288,0.0082553167
2.8805,0.041366295,0.035724261,0.041659448,-0.00090489772,-0.71775885,-0.00046305687,0.69629103,0.0011718574,0.017792099,0.019726128
2.8905,0.041304167,0.035777362,0.041856647,-0.0016413538,-0.71598435,-0.00062765034,0.69811412,-0.001245384,-0.0029804542,0.021708654
2.9005,0.04121941,0.03566094,0.042070478,-0.0022897534,-0.71408613,-0.001202297,0.70005308,-0.0016489736,-0.016944238,0.024586416
2.9105,0.041129976,0.0354417,0.042307954,-0.0032109029,-0.71217216,-0.001650637,0.70199557,-0.0020391826,-0.026604938,0.019957111
2.9205,0.041036002,0.035141918,0.042522683,-0.0042552657,-0.71016157,-0.0021661625,0.70402254,-0.00063358906,-0.033049948,0.016261934
2.9305,0.040937121,0.034782131,0.042656452,-0.0052195231,-0.70809116,-0.0029494383,0.70609558,-0.001161918,-0.036230438,0.013831301
2.9405,0.040838815,0.034416765,0.042807907,-0.0062877891,-0.70597735,-0.0036942265,0.70819686,-0.00086742974,-0.036149957,0.015853009
2.9505,0.040734237,0.03409289,0.043055713,-0.0071976664,-0.70358826,-0.004687889,0.71055596,0.00013439828,-0.02990531,0.022083817
2.9605,0.040658409,0.03382464,0.043353101,-0.0078567392,-0.70093852,-0.0060257666,0.71315297,0.0048750622,-0.025940787,0.03083
2.9705,0.040619293,0.033571224,0.0437216,-0.0081163846,-0.69817982,-0.0077369549,0.71583462,0.007654677,-0.026638168,0.033546621
2.9805,0.040599951,0.033318759,0.044245909,-0.0087367226,-0.69515739,-0.0091980556,0.71874562,0.010951108,-0.024905169,0.060549417
2.9905,0.040601236,0.033083422,0.044907352,-0.010018377,-0.69184932,-0.010127262,0.72190137,0.013356109,-0.020698572,0.069545153
3.0005,0.040645869,0.03287138,0.045628919,-0.011461756,-0.68845533,-0.010889907,0.7251064,0.019506024,-0.019355917,0.075494188
3.0105,0.040756243,0.032638492,0.046418914,-0.013104416,-0.68512646,-0.011630321,0.72821339,0.027527506,-0.024094917,0.084142702
3.0205,0.040942905,0.032362623,0.04724688,-0.014476843,-0.68195274,-0.012881079,0.73113949,0.034482039,-0.027233062,0.08277068
3.0305,0.04115862,0.03210481,0.048115726,-0.015806836,-0.67924635,-0.014201928,0.73360265,0.025286607,-0.025346119,0.076766444
3.0405,0.041212384,0.031848956,0.048757237,-0.01712997,-0.67810095,-0.015691657,0.73460155,0.0075852428,-0.025058714,0.049308873
3.0505,0.04115329,0.031599287,0.049136488,-0.018530957,-0.67816907,-0.017274341,0.73446914,-0.0019840514,-0.022929269,0.024641438
3.0605,0.041015603,0.031410106,0.049225147,-0.019876034,-0.67902613,-0.018739809,0.73360567,-0.011987189,-0.01473916,-0.0065664461
3.0705,0.040849822,0.031274788,0.049139708,-0.021246232,-0.68054186,-0.020156438,0.73212369,-0.0083427866,-0.017097613,-0.0024093121
3.0805,0.040737761,0.031062575,0.049159079,-0.022744975,-0.68225467,-0.021771426,0.73043634,-0.0039599017,-0.022177951,0.0048243294
3.0905,0.040631401,0.030913684,0.049098521,-0.024081826,-0.68420317,-0.023254855,0.72852269,-0.0054220677,-0.014274547,-0.0066546602
3.1005,0.040534378,0.030795408,0.049069438,-0.025386911,-0.68614836,-0.024755241,0.72659694,-0.0064228143,0.002179481,-0.0055408448
3.1105,0.040443994,0.030823618,0.049006086,-0.026210282,-0.68814048,-0.026217502,0.72462979,-0.0049361564,-0.0041842099,-0.0042689799
3.1205,0.040361863,0.030764772,0.048976995,-0.027322059,-0.69000583,-0.027689698,0.72275773,-0.0047506017,0.0041067779,-0.0056249246
3.1305,0.040337658,0.031093733,0.048840013,-0.027830099,-0.69206541,-0.028286033,0.72074326,-0.001450902,0.056260203,-0.019081807
3.1405,0.040395241,0.031871878,0.048600198,-0.027407802,-0.69438363,-0.028045094,0.71853578,0.00092376324,0.094657037,-0.027242067
3.1505,0.04051456,0.032987743,0.048291974,-0.026245064,-0.69681466,-0.027074037,0.7162594,0.0023906746,0.12409106,-0.033076193
3.1605,0.040712869,0.034427627,0.047890535,-0.024412147,-0.69943887,-0.025407973,0.71382334,0.0078794671,0.15841028,-0.045140887
3.1705,0.040994663,0.036170042,0.047383156,-0.021972879,-0.70227491,-0.023075023,0.71119244,0.011466696,0.18510449,-0.05422885
3.1805,0.041338759,0.038146776,0.04679362,-0.019039325,-0.70520549,-0.020154956,0.70846066,0.014094898,0.20578735,-0.061302945
3.1905,0.041751936,0.040342546,0.046063932,-0.015685711,-0.7083389,-0.016689726,0.70550083,0.01875132,0.22872422,-0.080777509
3.2005,0.042235016,0.042725293,0.045168697,-0.01200278,-0.71169815,-0.012731553,0.70226746,0.022338169,0.24399931,-0.095101983
3.2105,0.042597675,0.044256159,0.044372808,-0.010080994,-0.71483272,-0.010541889,0.69914335,0.015672529,0.091523346,-0.063495112
3.2205,0.042826009,0.044985679,0.043794234,-0.0097629189,-0.7175142,-0.010004005,0.69640361,0.01912896,0.090951278,-0.05988704
3.2305,0.043213682,0.046243797,0.043162054,-0.0083865176,-0.72020291,-0.0082187884,0.6936641,0.029065162,0.15397575,-0.063344309
3.2405,0.04372222,0.048009593,0.042478919,-0.0059844778,-0.72296188,-0.0052512303,0.69084204,0.03170519,0.19438479,-0.069872801
3.2505,0.044292119,0.050095904,0.041735825,-0.0028815457,-0.72575936,-0.0015686396,0.68794083,0.032672915,0.20077746,-0.071598855
3.2605,0.044729901,0.051524022,0.041393141,-0.0011759447,-0.7278266,0.00051557589,0.68576001,0.029849609,0.12182237,-0.0026664183
3.2705,0.045108755,0.052650664,0.041543543,-0.00066771574,-0.72887599,0.0014109495,0.68464396,0.032809458,0.09852611,0.025989322
3.2805,0.045478539,0.053187237,0.041789235,-0.00077745564,-0.72974027,0.0020576877,0.68372093,0.034066851,0.018900478,0.025994825
3.2905,0.045796196,0.053103779,0.041928868,-0.0010228274,-0.73058248,0.0026192135,0.68281867,0.021002875,-0.027703552,-0.0090293113
3.3005,0.045944627,0.052641073,0.041957923,-0.0011033408,-0.73113427,0.003043685,0.68222592,0.0078275976,-0.061473408,0.01362472
3.3105,0.045991505,0.051814962,0.041985204,-0.0011310168,-0.73140105,0.0032863153,0.68193873,-8.5243224e-05,-0.096963381,0.010393603
3.3205,0.045976013,0.050662888,0.041987838,-0.0011399421,-0.73150444,0.0033815536,0.68182734,-0.0032230807,-0.13099655,-0.0077592203
3.3305,0.045925324,0.049233089,0.041992973,-0.0012136606,-0.73147206,0.003279984,0.68186245,-0.005411673,-0.1533564,0.008467678
3.3405,0.045847739,0.047563414,0.041985253,-0.001424651,-0.73133039,0.0029192752,0.68201563,-0.0062191367,-0.17541533,0.00049169832
3.3505,0.045767903,0.045724393,0.041970272,-0.0017894411,-0.73108189,0.0024275579,0.68228306,-0.0018832093,-0.1880564,0.0061074728
3.3605,0.045702409,0.043785527,0.041944489,-0.0021159625,-0.73076704,0.0016780225,0.68262159,-0.0043864755,-0.19948653,-0.010691997
3.3705,0.045614876,0.0418159,0.041924837,-0.0024809822,-0.7303351,0.00092661039,0.68308391,-0.0047072561,-0.20115924,-0.016187485
3.3805,0.045552094,0.039847132,0.041897418,-0.0029145844,-0.72986879,0.0002169364,0.68358102,-0.0014914343,-0.19402537,0.002483099
3.3905,0.045501487,0.03792757,0.04188564,-0.003224818,-0.72940466,-0.00056548349,0.68407465,3.0151451e-05,-0.1897681,-0.0054771501
3.4005,0.045465921,0.036072954,0.041856183,-0.0035020616,-0.72893424,-0.0013420647,0.68457345,-0.00010967524,-0.17842999,0.0058664577
3.4105,0.045433068,0.034308406,0.041815778,-0.003830531,-0.72840941,-0.0020120042,0.68512847,-0.00020436232,-0.1654862,-0.0033263704
3.4205,0.0453954,0.032729533,0.04180201,-0.004119227,-0.72777305,-0.0025648259,0.68580087,0.00077944408,-0.15614241,-0.0093218069
3.4305,0.045373443,0.03125306,0.041752125,-0.0041170496,-0.72704085,-0.0033135222,0.68657386,0.00080513916,-0.14092555,-0.0022386065
3.4405,0.045339066,0.029902056,0.041711247,-0.0042521279,-0.72595621,-0.0038332063,0.6877171,0.00031983588,-0.13099857,-0.010297155
3.4505,0.045304333,0.02867899,0.041662889,-0.0044495426,-0.72473137,-0.0042234205,0.68900421,0.00064259108,-0.11617895,-0.005853566
3.4605,0.045273807,0.027595867,0.041605104,-0.0045908802,-0.72306999,-0.0045479151,0.69074455,0.0019646673,-0.10147758,-0.0076040398
3.4705,0.045257383,0.026686444,0.041501682,-0.0045935715,-0.72098464,-0.0048570537,0.69291879,0.002990057,-0.06983158,-0.0099140393
3.4805,0.045226719,0.026274439,0.041531153,-0.0046018072,-0.71903953,-0.0049181257,0.69493654,-0.0013195029,-0.022290759,0.0098464911
3.4905,0.045171973,0.026175144,0.041697037,-0.0045032799,-0.71708153,-0.0047707291,0.69695842,-0.0032431986,-0.00087150673,0.020269396
3.5005,0.045116084,0.02622898,0.041919503,-0.0043171397,-0.71497297,-0.0044944153,0.69912432,-0.0030525173,0.010410582,0.023211582
3.5105,0.045064354,0.026372382,0.042150085,-0.0040827338,-0.71287146,-0.0041883184,0.70127033,-0.0028135129,0.017376119,0.022943483
3.5205,0.045017159,0.026584926,0.042388888,-0.0037129366,-0.7106676,-0.0037981687,0.70350789,-0.0029312813,0.023978698,0.024314659
3.5305,0.044974542,0.026859313,0.042599542,-0.0033407187,-0.70835555,-0.0031629876,0.70584081,-0.0029698039,0.03064224,0.018843536
3.5405,0.044946328,0.027197071,0.042692478,-0.0028690243,-0.70611972,-0.0025224238,0.70808216,-0.0018838036,0.034152177,0.014577615
3.5505,0.044929219,0.027547684,0.042902177,-0.0020088717,-0.70381485,-0.0020179848,0.71037776,-0.00047698435,0.034019681,0.022723249
3.5605,0.044922692,0.027862092,0.043148584,-0.0011848404,-0.70123097,-0.0011694395,0.71293223,-0.00070429956,0.026575523,0.031620507
3.5705,0.044930534,0.028082269,0.04353453,-0.00026762157,-0.69835414,-0.00029382424,0.71575229,0.0024997752,0.018470947,0.042747739
3.5805,0.044989976,0.028289469,0.044084759,0.00089884083,-0.69513996,0.0006372559,0.71887358,0.0085017348,0.021853105,0.062458789
3.5905,0.045106592,0.028516732,0.044761915,0.00232,-0.6916297,0.0016472785,0.72224667,0.012874872,0.022359947,0.064459692
3.6005,0.045274835,0.028739826,0.045475947,0.0038059311,-0.68803284,0.0026819927,0.72566461,0.018833727,0.021073217,0.073313162
3.6105,0.045522375,0.02899112,0.046269723,0.0052518195,-0.68453732,0.003957086,0.72894816,0.027039567,0.027684567,0.081443674
3.6205,0.045834509,0.029269437,0.047084234,0.0070903069,-0.68125186,0.0049964734,0.73199772,0.030730519,0.026550507,0.076370504
3.6305,0.046209414,0.029534956,0.047947447,0.0089025294,-0.67815162,0.0060725492,0.73484301,0.037943413,0.023710331,0.090578105
3.6405,0.046580103,0.029785037,0.048814525,0.010117663,-0.67600542,0.0078514252,0.73678536,0.022141448,0.025281788,0.075975893
3.6505,0.046786026,0.03002436,0.049357289,0.011344247,-0.67558503,0.0096377063,0.7371318,0.0058095837,0.022149352,0.037524296
3.6605,0.046868106,0.030084102,0.049503487,0.012316383,-0.67639533,0.010941282,0.7363545,-0.0040918347,-0.0066968179,-0.0032530155
3.6705,0.046858604,0.029850804,0.049256974,0.012777966,-0.67837486,0.011616269,0.73451299,-0.010089366,-0.033141786,-0.038102157
3.6805,0.046882224,0.029726999,0.048955738,0.013475874,-0.68089178,0.012473513,0.7321538,-0.0039554549,0.0018514609,-0.023111976
3.6905,0.046963921,0.029818446,0.048755782,0.014512569,-0.68341379,0.0136623,0.72975908,-0.0015007213,0.014103877,-0.016507712
3.7005,0.047063184,0.029964953,0.0485697,0.015707675,-0.68598014,0.015037082,0.72729527,-0.0018925545,0.015590011,-0.019236209
3.7105,0.047172101,0.030117843,0.048346397,0.016997547,-0.68861373,0.016525139,0.72474074,-0.0012424755,0.015792318,-0.023456847
3.7205,0.047279133,0.030212757,0.048072142,0.018169604,-0.69126251,0.017894225,0.72215358,-0.0013063809,9.5295753e-05,-0.030495017
3.7305,0.047412044,0.030204136,0.047724648,0.019146117,-0.69403244,0.019086447,0.71943596,0.0045431782,-0.020669694,-0.039698432
3.7405,0.047538159,0.029740498,0.047262454,0.019235713,-0.69703336,0.019415128,0.71651764,0.0082262578,-0.041649212,-0.045556227
3.7505,0.047678024,0.029129901,0.046775867,0.019010286,-0.70002058,0.019374323,0.71360663,0.010152135,-0.085535603,-0.051760969
3.7605,0.047808533,0.02808527,0.046211325,0.017958271,-0.70313896,0.018439607,0.71058643,0.015726554,-0.11673634,-0.058909404
3.7705,0.047980638,0.027032771,0.045622276,0.016797653,-0.70625018,0.017544164,0.70754556,0.019255111,-0.11152267,-0.058105701
3.7805,0.048149069,0.025667222,0.045036117,0.01505108,-0.70930735,0.015870049,0.70455992,0.022596405,-0.1569079,-0.058466841
3.7905,0.048307847,0.023854332,0.044383464,0.012451434,-0.71242494,0.013218855,0.70151332,0.027545636,-0.20131805,-0.07024767
3.8005,0.048472717,0.021684936,0.043652731,0.009232501,-0.71560172,0.0097425823,0.69837957,0.031795832,-0.22978192,-0.075528171
3.8105,0.048641262,0.019339819,0.042878338,0.0056297638,-0.71875574,0.0058170824,0.69521555,0.030939179,-0.21026746,-0.075849875
3.8205,0.048868844,0.017975657,0.042333512,0.0041250563,-0.7215833,0.0040556766,0.69230346,0.025514278,-0.10635006,-0.044473186
3.8305,0.04911659,0.016639395,0.041875435,0.0025802194,-0.72411894,0.0022718481,0.68966654,0.03253423,-0.15588211,-0.047780567
3.8405,0.049386958,0.015045206,0.041566331,0.00066034904,-0.72620876,5.8232139e-05,0.68747393,0.036060041,-0.14565132,-0.0046924731
3.8505,0.049727797,0.01369606,0.041717925,-8.5047149e-05,-0.72736008,-0.00094060448,0.68625536,0.037654953,-0.12801207,0.026143373
3.8605,0.050084289,0.01242645,0.041922141,-0.0005241482,-0.72834746,-0.0019468809,0.68520502,0.036615513,-0.11945263,-0.0030991364
3.8705,0.050380584,0.011599716,0.041877522,-0.0010558947,-0.72962833,-0.0033303358,0.683835,0.028924682,-0.046100289,0.0021700198
3.8805,0.050647476,0.011481301,0.041983925,-0.0010725694,-0.73046564,-0.0040359516,0.68293668,0.026090367,0.013801618,0.013775503
3.8905,0.050899609,0.011863858,0.042105486,-0.0010410561,-0.73109922,-0.0044066298,0.68225613,0.023909616,0.059538588,-0.0091392625
3.9005,0.051133158,0.012629192,0.042136779,-0.0011144039,-0.73168868,-0.0045904965,0.68162259,0.022282122,0.091252186,0.010403253
3.9105,0.051309081,0.013729558,0.042132803,-0.0011991935,-0.73202669,-0.0045647976,0.68125961,0.012426581,0.1253444,-0.0047109825
3.9205,0.05139719,0.015116536,0.042121611,-0.0011095605,-0.73200951,-0.0043810663,0.68127942,0.0054322562,0.15200968,-0.0028758796
3.9305,0.051450474,0.01674806,0.042114104,-0.00077298226,-0.73178554,-0.0040504888,0.6815225,0.0031207094,0.174712,-0.005977075
3.9405,0.051486747,0.018545265,0.042100701,-0.00032293285,-0.73142414,-0.0035800641,0.68191334,0.0010092792,0.18580353,-0.0036303298
3.9505,0.051549005,0.020443214,0.042116001,0.00038498749,-0.73095448,-0.0031824846,0.6824187,0.0081340433,0.19430112,2.1912937e-05
3.9605,0.051622653,0.022394847,0.042106081,0.00095717587,-0.73051501,-0.002560234,0.68289117,0.0017782598,0.19107859,0.0079347209
3.9705,0.051642288,0.02432423,0.042051325,0.0013670685,-0.73001122,-0.0017552915,0.68343154,-0.0053401295,0.18452069,-0.007350789
3.9805,0.051640577,0.026131977,0.0420047,0.0016631973,-0.72937986,-0.00095183788,0.68410624,0.002273588,0.1843069,-0.010962993
3.9905,0.051674043,0.027900512,0.041960135,0.002022737,-0.72881399,-0.00022081143,0.68470872,0.00073820462,0.1711004,0.0010545017
4.0005,0.051685429,0.029535995,0.041902486,0.002224881,-0.72816986,0.00054283534,0.68539288,-0.001301014,0.15230992,0.0023558845
4.0105,0.051690721,0.031032661,0.041857817,0.0025683672,-0.72743125,0.0010694636,0.68617493,0.00021024761,0.14659475,-0.0088735654
4.0205,0.051705324,0.03241503,0.041814051,0.0028145202,-0.72671436,0.0015733576,0.68693219,0.0016813389,0.13402216,-0.0076351739
4.0305,0.051722056,0.033688213,0.041749986,0.0028614725,-0.72586085,0.0021266564,0.68783233,0.0012502895,0.12394751,-0.011522347
4.0405,0.051723181,0.034832252,0.041676087,0.0029862527,-0.72471724,0.002432996,0.68903562,0.00048026781,0.10429112,-0.010280507
4.0505,0.051711511,0.035791702,0.041628036,0.0028834815,-0.72338251,0.0027066772,0.69043617,0.0011159004,0.0907787,-0.0045625967
4.0605,0.051702565,0.036629846,0.041538506,0.0027401275,-0.72166994,0.0029192732,0.69222574,0.002735429,0.075674752,-0.0051343734
4.0705,0.051695693,0.037249066,0.041510836,0.0028412183,-0.71951789,0.0027701714,0.69446257,0.0050384997,0.049937878,0.0074550747
4.0805,0.051690024,0.037575955,0.041641761,0.0025460479,-0.71776626,0.0025950218,0.69627465,0.0014566955,0.017113302,0.015743738
4.0905,0.051641831,0.03764462,0.04185991,0.0016287981,-0.71598626,0.0025791716,0.6981077,0.00066626152,-2.7183708e-05,0.028568189
4.1005,0.051569575,0.037526673,0.042075876,0.0010544306,-0.71407959,0.0018840223,0.70006119,-0.00037177292,-0.01866664,0.02070535
4.1105,0.051494137,0.037300443,0.042322683,4.156322e-05,-0.71215773,0.001466334,0.70201796,0.00017709076,-0.025315413,0.025723442
4.1205,0.05141054,0.036987457,0.042496752,-0.00092237479,-0.71017823,0.00081008231,0.70402086,-0.00053188461,-0.036273567,0.0073542281
4.1305,0.051319861,0.036621929,0.04264976,-0.0019552408,-0.70809341,4.4493035e-05,0.70611607,-0.0001681576,-0.036372306,0.020013613
4.1405,0.051229577,0.036240786,0.042791007,-0.0030543724,-0.70601215,-0.00072281219,0.70819277,2.6898511e-05,-0.03688891,0.018908014
4.1505,0.051135202,0.035918212,0.043040327,-0.0041279145,-0.70367025,-0.0016083047,0.71051288,0.0010271562,-0.029240749,0.022024178
4.1605,0.051062535,0.035653678,0.043331709,-0.0048640652,-0.70106315,-0.0029258604,0.7130766,0.0049738258,-0.025736352,0.030480897
4.1705,0.051021767,0.035400916,0.043694488,-0.0051680635,-0.69833768,-0.004646796,0.71573471,0.0076341427,-0.027343516,0.03227426
4.1805,0.051002797,0.035141082,0.044205213,-0.0057202608,-0.69535217,-0.006226406,0.71861942,0.010901568,-0.025767571,0.059255827
4.1905,0.051001505,0.034899024,0.044859548,-0.0069791687,-0.69206908,-0.0072261962,0.72176136,0.012547589,-0.020931823,0.06827894
4.2005,0.051038662,0.034682536,0.045574083,-0.0084735936,-0.68868086,-0.007980982,0.72497115,0.01903308,-0.019998351,0.075654091
4.2105,0.051144293,0.034442584,0.046368492,-0.010092534,-0.6853487,-0.0087833681,0.72809213,0.027254275,-0.024682776,0.083276288
4.2205,0.051329954,0.034162296,0.047222397,-0.01154726,-0.68215363,-0.0099736564,0.73104967,0.034928823,-0.029665784,0.079249224
4.2305,0.051559374,0.03388554,0.048088949,-0.012767597,-0.67938154,-0.01143994,0.73358492,0.027975585,-0.027155457,0.078850924
4.2405,0.051633698,0.033621317,0.048768196,-0.014032783,-0.67814493,-0.013012072,0.73467899,0.0095974602,-0.025902697,0.052659544
4.2505,0.051590199,0.033360255,0.049166489,-0.015441295,-0.67817973,-0.014613573,0.7345885,-4.785706e-05,-0.024767617,0.02759706
4.2605,0.051470196,0.033161287,0.049281544,-0.016807846,-0.67900502,-0.016071688,0.73376521,-0.010122297,-0.015055855,-0.0039377088
4.2705,0.05131321,0.033050868,0.049177726,-0.018134685,-0.68056058,-0.017420957,0.73226016,-0.0082819767,-0.014819374,-0.0057067622
4.2805,0.051203659,0.032853369,0.049169949,-0.019629811,-0.68232884,-0.01898403,0.73053517,-0.0037606733,-0.021619424,0.0025962509
4.2905,0.051108585,0.032689208,0.049115761,-0.021002827,-0.68428128,-0.020464366,0.72862831,-0.0049588683,-0.013882133,-0.0084053692
4.3005,0.051015571,0.032574678,0.049067593,-0.022316851,-0.68626786,-0.021934666,0.72667548,-0.006266625,0.0029661959,-0.0076098383
4.3105,0.050928227,0.032651032,0.048973893,-0.023104063,-0.68832245,-0.023266001,0.72466344,-0.0051649533,-0.00039161309,-0.0070389943
4.3205,0.050848719,0.032592248,0.048926362,-0.024279479,-0.69020888,-0.024680035,0.7227815,-0.0032199033,-0.0089844425,-0.0035666663
4.3305,0.050821007,0.032697371,0.048823737,-0.025168112,-0.69221628,-0.025747826,0.7207914,0.00048655373,0.036989544,-0.016420363
4.3405,0.050878734,0.033316601,0.048610407,-0.025046121,-0.69448661,-0.025826329,0.71860563,0.0025816306,0.081726841,-0.025069261
4.3505,0.051000637,0.034325234,0.04832147,-0.024103657,-0.69687765,-0.025065964,0.71634646,0.0038708611,0.11539959,-0.03123554
4.3605,0.051203964,0.035692102,0.047936553,-0.022430771,-0.69946591,-0.02354083,0.71392586,0.0091419107,0.15248123,-0.043826712
4.3705,0.051491034,0.03738405,0.047438657,-0.020109029,-0.70227507,-0.02130176,0.71130274,0.012598361,0.18102057,-0.053394193
4.3805,0.051841608,0.03932529,0.046855233,-0.017262296,-0.70518388,-0.01844501,0.70857426,0.015171028,0.20291233,-0.060799285
4.3905,0.05226173,0.041496483,0.046125634,-0.014024901,-0.70829114,-0.014978478,0.70562214,0.019758282,0.22724895,-0.080661404
4.4005,0.05275197,0.043858817,0.045225554,-0.010391779,-0.71163509,-0.011046327,0.70238557,0.023453824,0.24223445,-0.095359896
4.4105,0.053191905,0.045752051,0.044347032,-0.0077034548,-0.71492169,-0.0080845764,0.69911535,0.01796879,0.11698037,-0.071073058
4.4205,0.053433678,0.046560561,0.043775033,-0.0071455721,-0.71761795,-0.0074045883,0.69636096,0.018555431,0.086637317,-0.055005152
4.4305,0.053808166,0.047779913,0.043183052,-0.0058404358,-0.72027084,-0.0057382632,0.69364463,0.028475954,0.14961611,-0.061680405
4.4405,0.054314266,0.049502173,0.04252566,-0.0034562206,-0.72298607,-0.0029103334,0.69084784,0.032255229,0.19013302,-0.068637624
4.4505,0.054890842,0.051561486,0.041793769,-0.00040781833,-0.72574424,0.00073195917,0.6879641,0.034409197,0.21855357,-0.075862822
4.4605,0.055421403,0.053446182,0.04143962,0.0017833294,-0.7276947,0.0034450674,0.6858902,0.036569493,0.16228325,0.00024827106
4.4705,0.055867826,0.054869432,0.041614777,0.0024235277,-0.72862065,0.004622536,0.68489759,0.038946924,0.12732319,0.029822091
4.4805,0.056285767,0.055635728,0.041875959,0.0023330568,-0.72945043,0.0054001485,0.68400838,0.037288748,0.037555525,0.026500939
4.4905,0.056642713,0.055726681,0.041869271,0.0022089827,-0.73050121,0.0061772269,0.6828799,0.022215956,-0.012367555,-0.0038792473
4.5005,0.056799634,0.055385074,0.041924206,0.0021411484,-0.73100366,0.0066450587,0.68233783,0.0079694137,-0.051798518,0.014782011
4.5105,0.056840735,0.054629461,0.041946167,0.0020933812,-0.73128567,0.0068866579,0.68203333,-0.0005684005,-0.09403533,-0.0031077844
4.5205,0.056809876,0.053533231,0.04198421,0.0020897525,-0.73134428,0.0069884911,0.68196946,-0.0046548414,-0.13095736,-0.018943359
4.5305,0.056738978,0.052124616,0.04199303,0.0019901315,-0.73131697,0.0068598604,0.68200034,-0.006900463,-0.15804893,-0.010211638
4.5405,0.056640747,0.050456248,0.041977437,0.0017533132,-0.73119613,0.0064648874,0.68213441,-0.0082665328,-0.17569541,-2.4410934e-05
4.5505,0.056531291,0.048616149,0.041949805,0.0013845187,-0.73095351,0.0059323867,0.68240007,-0.0073029185,-0.18745055,-0.0045070814
4.5605,0.056425688,0.046698885,0.041947636,0.0011459752,-0.73059571,0.0051901073,0.68278961,-0.0077641679,-0.20027067,-0.012940567
4.5705,0.056318711,0.044711615,0.041934073,0.00068067816,-0.73017942,0.004535547,0.68324006,-0.0060879061,-0.20160598,-0.0045567779
4.5805,0.056225851,0.042723294,0.041901992,0.00032827524,-0.72975704,0.0037411276,0.68369624,-0.0040371301,-0.19746551,0.00012754567
4.5905,0.05614955,0.04076884,0.041874295,2.8578962e-06,-0.72933731,0.0029271701,0.68414802,-0.0029914493,-0.19346966,-0.0081722084
4.6005,0.056087341,0.03888173,0.041851552,-0.00029826048,-0.72886072,0.0021605603,0.68465852,-0.0027561307,-0.18877084,-0.012716667
4.6105,0.056026353,0.037085108,0.041824896,-0.00060197228,-0.72830497,0.0014639884,0.68525131,-0.0009877674,-0.17122477,0.0013003232
4.6205,0.055979714,0.035408243,0.04178508,-0.00082163535,-0.7277488,0.00077640259,0.68584284,-0.0012438093,-0.16291133,-0.0065953337
4.6305,0.055929136,0.033857309,0.041765406,-0.0010694526,-0.72691886,0.00022927584,0.68672248,-0.00022419505,-0.14812818,0.0031348687
4.6405,0.055884122,0.032418489,0.041706429,-0.001262336,-0.72588859,-0.00031152201,0.68781107,-0.0005815991,-0.1391691,-0.011793578
4.6505,0.055841085,0.031119109,0.041649198,-0.0014330175,-0.72470446,-0.00077855597,0.6890579,0.00085205071,-0.1238294,-0.0062572063
4.6605,0.055815234,0.029992481,0.041580951,-0.001411544,-0.7231086,-0.0013025904,0.69073169,0.0023786285,-0.10092021,-0.006567278
4.6705,0.055795099,0.029099085,0.041519836,-0.0014892802,-0.7208964,-0.0015226094,0.69303956,0.003127982,-0.071955796,-0.0014575819
4.6805,0.055769904,0.028675943,0.04161413,-0.0013983739,-0.71884455,-0.0015774229,0.69516765,-0.00058133401,-0.023158243,0.014619029
4.6905,0.055723553,0.028575698,0.041810478,-0.0011974507,-0.71681547,-0.0014319247,0.69726043,-0.0025860819,-0.00073338219,0.021931589
4.7005,0.055675421,0.02863279,0.042039857,-0.00094494147,-0.71466768,-0.00113635,0.6994626,-0.0024132478,0.010555802,0.023471384
4.7105,0.055631741,0.028783262,0.042264903,-0.0006653715,-0.71255685,-0.00080250819,0.7016136,-0.0022002052,0.018411998,0.021834796
4.7205,0.055592121,0.028999765,0.042495901,-0.00026101984,-0.71034533,-0.00038123091,0.70385318,-0.0023818062,0.024000597,0.023900427
4.7305,0.055560339,0.029281404,0.04268085,0.00027534959,-0.70804826,0.00015632351,0.70616398,-0.0011545037,0.032901854,0.0028339621
4.7405,0.055544405,0.029615701,0.042764696,0.00085289618,-0.70583925,0.00075759566,0.70837113,-0.00085196219,0.033445151,0.013824959
4.7505,0.055535696,0.02995807,0.042950683,0.0015456344,-0.70358456,0.001489004,0.7106083,-0.0011157256,0.034354322,0.019381026
4.7605,0.055531211,0.03024717,0.043200148,0.0022509189,-0.70105893,0.0025182943,0.71309534,-0.00042123056,0.023455568,0.031836093
4.7705,0.055542655,0.030438125,0.043569368,0.0033241449,-0.69827112,0.0032844832,0.71581814,0.0022973259,0.015347397,0.03871711
4.7805,0.055600481,0.030615924,0.04407954,0.0046798991,-0.69517317,0.0040625192,0.71881559,0.0083348194,0.019108491,0.057855487
4.7905,0.055729375,0.03083242,0.044712407,0.0060141861,-0.69174935,0.0051952282,0.72209395,0.014594815,0.021850817,0.06756055
4.8005,0.055907994,0.031046399,0.045415215,0.0074632671,-0.68819862,0.0062989855,0.72545661,0.018782931,0.020215826,0.066628509
4.8105,0.056155058,0.031283923,0.046183769,0.0090264846,-0.68474947,0.0074786224,0.72868427,0.026445678,0.025328132,0.081814005
4.8205,0.056479724,0.031552226,0.047025845,0.010617832,-0.6814658,0.0088266236,0.73171969,0.032832773,0.027543279,0.08229012
4.8305,0.056866502,0.031817702,0.047900442,0.012100161,-0.67834136,0.010296298,0.7345751,0.038238847,0.023869878,0.091910231
4.8405,0.057280457,0.032045387,0.048819407,0.013641669,-0.675968,0.011757709,0.73671088,0.027942181,0.021198698,0.08211269
4.8505,0.057520284,0.032240388,0.049451879,0.015071864,-0.67530576,0.013304483,0.73726384,0.0083270234,0.01363011,0.045641496
4.8605,0.057610051,0.03223129,0.049673565,0.016032332,-0.67596082,0.014440234,0.73662162,-0.0032802277,-0.012341796,0.0028363853
4.8705,0.057595735,0.031947559,0.049488907,0.016443571,-0.67783392,0.01503608,0.73487733,-0.011057196,-0.040937495,-0.035942113
4.8805,0.057530465,0.03150422,0.049014381,0.016569715,-0.68063388,0.015321153,0.73227606,-0.0094566424,-0.028855947,-0.04128742
4.8905,0.05757167,0.031389609,0.048692338,0.017301561,-0.683379,0.016197866,0.72967899,-0.0025074514,0.00051863749,-0.024616991
4.9005,0.057661367,0.031452396,0.048463837,0.018372186,-0.68604157,0.017462604,0.72712068,-0.0019382059,0.010718058,-0.021011589
4.9105,0.057769844,0.031574957,0.04823848,0.019598779,-0.68869801,0.018916979,0.72453646,-0.00093557285,0.014102738,-0.022503418
4.9205,0.057888322,0.031714591,0.047992157,0.020842217,-0.69131093,0.020389664,0.72196887,-4.0246053e-05,0.014765005,-0.024908733
4.9305,0.058050412,0.031867071,0.047696182,0.02212008,-0.69399336,0.02191481,0.71930776,0.0064267008,0.016689403,-0.031666853
4.9405,0.058231848,0.031777643,0.047315871,0.022927977,-0.69683755,0.023000963,0.71649333,0.0085546718,-0.039813993,-0.042739845
4.9505,0.058359253,0.031084812,0.04683515,0.022517627,-0.69982457,0.022854733,0.71359386,0.009642836,-0.092588234,-0.050596851
4.9605,0.05846268,0.029869493,0.046260405,0.021093237,-0.70297604,0.021634814,0.71057139,0.014319227,-0.14523092,-0.062120879
4.9705,0.058564364,0.028217887,0.04562176,0.018859947,-0.70623519,0.019466374,0.70745828,0.018798443,-0.18174097,-0.065514793
4.9805,0.058665097,0.026270311,0.044960452,0.015878138,-0.70943293,0.016688666,0.7043964,0.02225224,-0.20607837,-0.065472072
4.9905,0.058778483,0.024052148,0.04424779,0.012442032,-0.7126488,0.013238498,0.70128569,0.027579239,-0.23488468,-0.075495409
